<?xml version="1.0" encoding="UTF-8"?>
<project-private xmlns="http://www.netbeans.org/ns/project-private/1">
    <editor-bookmarks xmlns="http://www.netbeans.org/ns/editor-bookmarks/2" lastBookmarkId="0"/>
    <open-files xmlns="http://www.netbeans.org/ns/projectui-open-files/2">
        <group>
            <file>file:/Users/mouadabrini/NetBeansProjects/last_project_MIQ2/src/last_project_miq2/Segment.java</file>
            <file>file:/Users/mouadabrini/NetBeansProjects/last_project_MIQ2/src/last_project_miq2/fen_princ.java</file>
            <file>file:/Users/mouadabrini/NetBeansProjects/last_project_MIQ2/src/last_project_miq2/Point.java</file>
            <file>file:/Users/mouadabrini/NetBeansProjects/last_project_MIQ2/src/last_project_miq2/EnsembleFigure.java</file>
            <file>file:/Users/mouadabrini/NetBeansProjects/last_project_MIQ2/src/last_project_miq2/Cercle.java</file>
            <file>file:/Users/mouadabrini/NetBeansProjects/last_project_MIQ2/src/last_project_miq2/Rectangle.java</file>
            <file>file:/Users/mouadabrini/NetBeansProjects/last_project_MIQ2/src/last_project_miq2/Polygone.java</file>
        </group>
    </open-files>
</project-private>
